{
  "emergency_fund": {
    "title": "Building Your Emergency Fund",
    "description": "An emergency fund is a financial safety net that helps you deal with unexpected expenses without going into debt.",
    "tips": [
      "Start with a goal of saving 3-6 months of essential expenses",
      "Keep your emergency fund in a high-yield savings account for easy access",
      "Set up automatic transfers to build your fund consistently",
      "Only use your emergency fund for true emergencies (job loss, medical emergencies, urgent home repairs)",
      "Replenish your emergency fund as soon as possible after using it"
    ],
    "priority_level": "High"
  },
  "debt_reduction": {
    "title": "Effective Debt Reduction Strategies",
    "description": "Managing and reducing debt is a crucial step toward financial freedom and building wealth.",
    "tips": [
      "List all debts with their interest rates, minimum payments, and balances",
      "Consider the debt avalanche method (paying highest interest rate debt first) for maximum interest savings",
      "Consider the debt snowball method (paying smallest balance first) for psychological wins",
      "Look into refinancing high-interest debt to lower rates",
      "Avoid taking on new debt while paying down existing debt",
      "Consider balance transfer offers for credit card debt (but be aware of transfer fees and promotional periods)"
    ],
    "priority_level": "High"
  },
  "retirement_planning": {
    "title": "Planning for Retirement",
    "description": "Retirement planning involves determining retirement income goals and the actions and decisions necessary to achieve those goals.",
    "tips": [
      "Start saving for retirement as early as possible to benefit from compound growth",
      "Contribute enough to get the full employer match in your 401(k) or similar plan",
      "Consider diversifying between traditional (pre-tax) and Roth (after-tax) retirement accounts",
      "Increase your retirement contributions when you get raises or bonuses",
      "Adjust your asset allocation to become more conservative as you approach retirement",
      "Consider working with a financial advisor to create a comprehensive retirement plan"
    ],
    "priority_level": "Medium"
  },
  "home_buying": {
    "title": "Preparing to Buy a Home",
    "description": "Buying a home is one of the biggest financial decisions most people make. Proper preparation can save you thousands of dollars.",
    "tips": [
      "Save for a down payment of at least 20% to avoid private mortgage insurance (PMI)",
      "Check and improve your credit score before applying for a mortgage",
      "Get pre-approved for a mortgage before house hunting",
      "Budget for closing costs (typically 2-5% of the loan amount)",
      "Consider all costs of homeownership beyond the mortgage (property taxes, insurance, maintenance, HOA fees)",
      "Don't rush the process - take time to find the right home at the right price"
    ],
    "priority_level": "Medium"
  },
  "education_funding": {
    "title": "Saving for Education",
    "description": "Planning for education expenses, whether for yourself or your children, requires strategic saving and investment approaches.",
    "tips": [
      "Consider tax-advantaged education savings accounts like 529 plans",
      "Start saving early to benefit from compound growth",
      "Research scholarship and grant opportunities",
      "Consider in-state public universities to reduce costs",
      "Don't sacrifice your retirement savings for education funding",
      "Look into education tax credits and deductions"
    ],
    "priority_level": "Medium"
  },
  "tax_optimization": {
    "title": "Tax Optimization Strategies",
    "description": "Effective tax planning can significantly increase your after-tax returns and accelerate wealth building.",
    "tips": [
      "Maximize contributions to tax-advantaged accounts (401(k)s, IRAs, HSAs)",
      "Consider tax-loss harvesting to offset capital gains",
      "Hold tax-efficient investments in taxable accounts and less tax-efficient investments in tax-advantaged accounts",
      "Consider municipal bonds for tax-free income in taxable accounts",
      "Plan the timing of income and deductions to minimize tax liability",
      "Stay informed about tax law changes that might affect your strategy"
    ],
    "priority_level": "Medium"
  },
  "insurance_planning": {
    "title": "Insurance Planning Essentials",
    "description": "Proper insurance coverage is a fundamental part of financial planning that protects your assets and income.",
    "tips": [
      "Review your health insurance coverage annually to ensure it meets your needs",
      "Consider term life insurance if you have dependents relying on your income",
      "Evaluate disability insurance to protect your income if you're unable to work",
      "Ensure you have adequate property insurance (homeowners/renters) with appropriate liability coverage",
      "Consider an umbrella policy for additional liability protection",
      "Review and update beneficiaries on all insurance policies regularly"
    ],
    "priority_level": "Medium"
  },
  "estate_planning": {
    "title": "Estate Planning Basics",
    "description": "Estate planning ensures your assets are distributed according to your wishes and minimizes complications for your heirs.",
    "tips": [
      "Create a will to specify how you want your assets distributed",
      "Consider establishing a trust for more complex estate planning needs",
      "Designate beneficiaries for all financial accounts and insurance policies",
      "Create advance directives including a healthcare proxy and living will",
      "Establish a power of attorney for financial matters",
      "Review and update your estate plan after major life events (marriage, divorce, birth of children, etc.)"
    ],
    "priority_level": "Low"
  },
  "budgeting": {
    "title": "Effective Budgeting Strategies",
    "description": "A budget is a financial plan that helps you track income and expenses, prioritize spending, and achieve financial goals.",
    "tips": [
      "Track all income and expenses for at least one month to understand your spending patterns",
      "Use the 50/30/20 rule as a starting point (50% needs, 30% wants, 20% savings/debt repayment)",
      "Automate bill payments and savings to ensure consistency",
      "Review and adjust your budget regularly (monthly or quarterly)",
      "Use budgeting apps or tools to simplify the process",
      "Include occasional expenses (car maintenance, holidays, etc.) in your budget"
    ],
    "priority_level": "High"
  },
  "investment_basics": {
    "title": "Investment Fundamentals",
    "description": "Understanding basic investment principles is essential for building wealth over time.",
    "tips": [
      "Start investing as early as possible to benefit from compound growth",
      "Diversify your investments across different asset classes, sectors, and geographies",
      "Consider your risk tolerance and time horizon when determining asset allocation",
      "Keep investment costs low by using index funds or ETFs",
      "Invest regularly regardless of market conditions (dollar-cost averaging)",
      "Rebalance your portfolio periodically to maintain your target asset allocation"
    ],
    "priority_level": "Medium"
  }
}