{
  "conservative": {
    "allocation": {
      "stocks": 30,
      "bonds": 50,
      "cash": 15,
      "alternatives": 5
    },
    "strategies": [
      {
        "title": "Focus on Capital Preservation",
        "description": "Your primary goal is to protect your principal investment while generating modest income. This approach prioritizes stability over growth potential."
      },
      {
        "title": "High-Quality Bonds",
        "description": "Allocate a significant portion of your portfolio to high-quality government and corporate bonds with strong credit ratings."
      },
      {
        "title": "Dividend Stocks",
        "description": "When investing in stocks, focus on established companies with strong balance sheets and consistent dividend payments."
      },
      {
        "title": "Emergency Fund Priority",
        "description": "Maintain a larger emergency fund covering 9-12 months of expenses for additional security."
      },
      {
        "title": "Inflation Protection",
        "description": "Include some Treasury Inflation-Protected Securities (TIPS) to guard against inflation eroding your purchasing power."
      }
    ]
  },
  "moderate": {
    "allocation": {
      "stocks": 60,
      "bonds": 30,
      "cash": 5,
      "alternatives": 5
    },
    "strategies": [
      {
        "title": "Balanced Growth and Income",
        "description": "Your approach balances growth potential with income generation, seeking moderate returns with manageable volatility."
      },
      {
        "title": "Diversified Equity Exposure",
        "description": "Invest in a mix of growth and value stocks across different market capitalizations and sectors."
      },
      {
        "title": "Quality Fixed Income",
        "description": "Maintain a significant bond allocation with a mix of government, municipal, and corporate bonds of varying maturities."
      },
      {
        "title": "Regular Rebalancing",
        "description": "Rebalance your portfolio quarterly or semi-annually to maintain your target asset allocation."
      },
      {
        "title": "Strategic Tax Planning",
        "description": "Utilize tax-advantaged accounts and consider municipal bonds in taxable accounts to enhance after-tax returns."
      }
    ]
  },
  "aggressive": {
    "allocation": {
      "stocks": 80,
      "bonds": 10,
      "cash": 5,
      "alternatives": 5
    },
    "strategies": [
      {
        "title": "Focus on Long-Term Growth",
        "description": "Your strategy prioritizes capital appreciation and long-term growth, accepting higher volatility for potentially higher returns."
      },
      {
        "title": "Global Equity Exposure",
        "description": "Maintain a diversified portfolio of domestic and international stocks, including emerging markets for growth potential."
      },
      {
        "title": "Growth-Oriented Sectors",
        "description": "Allocate more to sectors with high growth potential such as technology, healthcare, and consumer discretionary."
      },
      {
        "title": "Strategic Bond Selection",
        "description": "For your limited bond allocation, consider higher-yielding corporate bonds and strategic international bond exposure."
      },
      {
        "title": "Alternative Investments",
        "description": "Consider allocating to alternative investments like REITs, commodities, or private equity for additional diversification."
      }
    ]
  }
}