{
  "stocks": {
    "title": "Stocks",
    "description": "Stocks represent ownership in a company. When you buy a stock, you're purchasing a small piece of that company, called a share.",
    "types": [
      {
        "name": "Common Stocks",
        "description": "Represent ownership in a company and may pay dividends."
      },
      {
        "name": "Preferred Stocks",
        "description": "Typically pay fixed dividends and have priority over common stocks."
      },
      {
        "name": "Growth Stocks",
        "description": "Companies expected to grow at an above-average rate."
      },
      {
        "name": "Value Stocks",
        "description": "Companies that appear to be undervalued in the market."
      },
      {
        "name": "Dividend Stocks",
        "description": "Companies that pay regular dividends to shareholders."
      }
    ],
    "benefits": [
      "Potential for high returns over the long term",
      "Opportunity for dividend income",
      "Protection against inflation",
      "Liquidity - easily bought and sold"
    ],
    "risks": [
      "Market volatility and price fluctuations",
      "Company-specific risks",
      "Economic and industry risks"
    ],
    "tips": "Before investing in individual stocks, consider your investment goals, risk tolerance, and time horizon. Many financial advisors recommend starting with index funds or ETFs before moving to individual stock picking."
  },
  "bonds": {
    "title": "Bonds",
    "description": "Bonds are debt securities where you lend money to an entity (government, municipality, or corporation) for a defined period at a fixed interest rate.",
    "types": [
      {
        "name": "Government Bonds",
        "description": "Issued by national governments, considered very safe."
      },
      {
        "name": "Municipal Bonds",
        "description": "Issued by states, cities, or counties, often tax-exempt."
      },
      {
        "name": "Corporate Bonds",
        "description": "Issued by companies, higher risk but potentially higher returns."
      },
      {
        "name": "Treasury Bonds",
        "description": "Long-term government securities with maturities of 10+ years."
      },
      {
        "name": "Treasury Notes",
        "description": "Medium-term government securities with 2-10 year maturities."
      }
    ],
    "benefits": [
      "Regular, predictable income",
      "Generally lower risk than stocks",
      "Portfolio diversification",
      "Capital preservation"
    ],
    "risks": [
      "Interest rate risk - bond prices fall when interest rates rise",
      "Inflation risk - fixed payments may lose purchasing power",
      "Credit/default risk - issuer may fail to make payments"
    ],
    "tips": "Bonds are rated by agencies like Standard & Poor's, Moody's, and Fitch to indicate credit quality. Ratings range from AAA (highest quality) to D (in default)."
  },
  "real-estate": {
    "title": "Real Estate",
    "description": "Real estate investing involves purchasing, owning, managing, renting, or selling property for profit.",
    "types": [
      {
        "name": "Residential",
        "description": "Single-family homes, apartments, condos, townhouses"
      },
      {
        "name": "Commercial",
        "description": "Office buildings, retail spaces, warehouses"
      },
      {
        "name": "Industrial",
        "description": "Manufacturing facilities, storage units"
      },
      {
        "name": "REITs",
        "description": "Real Estate Investment Trusts - companies that own/operate income-producing real estate"
      },
      {
        "name": "Crowdfunding",
        "description": "Pooling money with other investors for real estate projects"
      }
    ],
    "benefits": [
      "Potential for steady cash flow through rental income",
      "Property appreciation over time",
      "Tax advantages (depreciation, mortgage interest deductions)",
      "Hedge against inflation",
      "Portfolio diversification"
    ],
    "risks": [
      "Requires significant capital investment",
      "Lower liquidity compared to stocks and bonds",
      "Property management responsibilities",
      "Market fluctuations and economic downturns",
      "Potential for unexpected expenses"
    ],
    "tips": "For beginners, REITs offer an accessible way to invest in real estate without directly owning property. For direct ownership, start by researching local markets, understanding financing options, and possibly working with experienced real estate professionals."
  },
  "mutual-funds": {
    "title": "Mutual Funds",
    "description": "Mutual funds pool money from many investors to purchase a diversified portfolio of stocks, bonds, or other securities.",
    "types": [
      {
        "name": "Equity Funds",
        "description": "Invest primarily in stocks"
      },
      {
        "name": "Fixed Income Funds",
        "description": "Invest in bonds and other debt securities"
      },
      {
        "name": "Balanced Funds",
        "description": "Invest in both stocks and bonds"
      },
      {
        "name": "Index Funds",
        "description": "Track a specific market index like the S&P 500"
      },
      {
        "name": "Sector Funds",
        "description": "Focus on specific industries"
      },
      {
        "name": "Money Market Funds",
        "description": "Invest in short-term, high-quality investments"
      }
    ],
    "benefits": [
      "Professional management",
      "Diversification across many securities",
      "Accessibility with relatively low minimum investments",
      "Liquidity - shares can be bought/sold daily",
      "Variety of investment strategies and objectives"
    ],
    "risks": [
      "Management fees and expenses can reduce returns",
      "No guarantee of performance",
      "Potential tax inefficiency in taxable accounts",
      "Limited control over investment decisions"
    ],
    "tips": "When choosing mutual funds, consider your investment goals, risk tolerance, expense ratios, fund manager experience, historical performance (though past performance doesn't guarantee future results), and how the fund fits into your overall portfolio strategy."
  },
  "etfs": {
    "title": "ETFs",
    "description": "ETFs (Exchange-Traded Funds) are investment funds traded on stock exchanges, much like stocks. They hold assets such as stocks, bonds, or commodities and generally track an index.",
    "types": [
      {
        "name": "Index ETFs",
        "description": "Track specific market indices like the S&P 500"
      },
      {
        "name": "Sector ETFs",
        "description": "Focus on specific industries"
      },
      {
        "name": "Bond ETFs",
        "description": "Invest in various types of bonds"
      },
      {
        "name": "Commodity ETFs",
        "description": "Track commodities like gold or oil"
      },
      {
        "name": "International ETFs",
        "description": "Invest in foreign markets"
      },
      {
        "name": "Leveraged ETFs",
        "description": "Aim to multiply the returns of the underlying index"
      }
    ],
    "benefits": [
      "Diversification across many securities",
      "Lower expense ratios compared to many mutual funds",
      "Trading flexibility (buy/sell throughout trading day)",
      "Tax efficiency",
      "Transparency of holdings"
    ],
    "risks": [
      "Trading costs can add up with frequent buying/selling",
      "Some specialized ETFs may have higher expense ratios",
      "Potential tracking errors with the underlying index",
      "Liquidity concerns with some specialized ETFs"
    ],
    "tips": "ETFs can be an excellent way for beginners to start investing. Consider broad-market index ETFs that provide exposure to large segments of the market with low fees. As you gain experience, you might explore sector or specialized ETFs to target specific investment themes."
  },
  "retirement": {
    "title": "Retirement Planning",
    "description": "Retirement planning involves determining retirement income goals and the actions and decisions necessary to achieve those goals.",
    "types": [
      {
        "name": "401(k)/403(b)",
        "description": "Employer-sponsored retirement plans with tax advantages"
      },
      {
        "name": "Traditional IRA",
        "description": "Tax-deductible contributions with tax-deferred growth"
      },
      {
        "name": "Roth IRA",
        "description": "After-tax contributions with tax-free growth and withdrawals"
      },
      {
        "name": "SEP IRA",
        "description": "Simplified Employee Pension for self-employed individuals"
      },
      {
        "name": "Solo 401(k)",
        "description": "401(k) plan for self-employed individuals with no employees"
      }
    ],
    "benefits": [
      "Tax advantages for saving",
      "Potential employer matching contributions",
      "Compound growth over time",
      "Automatic payroll deductions make saving easier",
      "Protection from creditors in many cases"
    ],
    "risks": [
      "Market risk affecting investment performance",
      "Inflation risk eroding purchasing power",
      "Longevity risk (outliving your savings)",
      "Healthcare costs in retirement",
      "Sequence of returns risk"
    ],
    "tips": "Start early to take advantage of compound interest. Maximize employer matching contributions. Consider a mix of pre-tax and Roth accounts for tax diversification. Adjust your asset allocation as you approach retirement. Consider delaying Social Security benefits if possible for increased monthly payments."
  },
  "crypto": {
    "title": "Cryptocurrency",
    "description": "Cryptocurrency is a digital or virtual currency that uses cryptography for security and operates on decentralized networks based on blockchain technology.",
    "types": [
      {
        "name": "Bitcoin (BTC)",
        "description": "The first and most valuable cryptocurrency"
      },
      {
        "name": "Ethereum (ETH)",
        "description": "Features smart contracts and decentralized applications"
      },
      {
        "name": "Binance Coin (BNB)",
        "description": "Native to the Binance exchange"
      },
      {
        "name": "Solana (SOL)",
        "description": "Known for high transaction speeds"
      },
      {
        "name": "Cardano (ADA)",
        "description": "Focuses on security and sustainability"
      }
    ],
    "benefits": [
      "Potential for high returns",
      "24/7 market access",
      "Portfolio diversification",
      "Blockchain technology innovation",
      "Protection against currency devaluation"
    ],
    "risks": [
      "Extreme price volatility",
      "Regulatory uncertainty",
      "Security concerns (hacking, scams)",
      "Limited practical use cases",
      "Environmental concerns (energy consumption)"
    ],
    "tips": "Cryptocurrency is considered a high-risk investment. Financial experts generally recommend limiting crypto investments to a small percentage of your portfolio (typically 1-5%) that you can afford to lose. Research thoroughly before investing, start with established cryptocurrencies, use reputable exchanges, consider secure storage options (hardware wallets), and be aware of tax implications."
  },
  "tax-strategies": {
    "title": "Tax Strategies",
    "description": "Tax-efficient investing aims to minimize tax liability while maximizing after-tax returns.",
    "types": [
      {
        "name": "Tax-Advantaged Accounts",
        "description": "401(k)s, IRAs, HSAs, 529 Plans with special tax treatment"
      },
      {
        "name": "Asset Location",
        "description": "Strategic placement of investments in different account types"
      },
      {
        "name": "Tax-Loss Harvesting",
        "description": "Selling investments at a loss to offset capital gains"
      },
      {
        "name": "Tax-Efficient Withdrawal",
        "description": "Strategic withdrawal from accounts to minimize taxes"
      },
      {
        "name": "Charitable Giving",
        "description": "Donations to reduce taxable income"
      }
    ],
    "benefits": [
      "Reduced tax liability",
      "Increased after-tax returns",
      "More efficient wealth accumulation",
      "Optimized retirement income",
      "Potential estate tax benefits"
    ],
    "risks": [
      "Tax laws change frequently",
      "Complex strategies may require professional help",
      "Focusing too much on tax avoidance can lead to suboptimal investment decisions",
      "Penalties for incorrect implementation"
    ],
    "tips": "Consider consulting with a tax professional for personalized advice based on your specific situation and current tax laws. Balance tax efficiency with overall investment strategy and goals."
  }
}